-- MySQL dump 10.13  Distrib 8.0.45, for Win64 (x86_64)
--
-- Host: localhost    Database: bichofull
-- ------------------------------------------------------
-- Server version	8.0.45

/*!40101 SET @OLD_CHARACTER_SET_CLIENT=@@CHARACTER_SET_CLIENT */;
/*!40101 SET @OLD_CHARACTER_SET_RESULTS=@@CHARACTER_SET_RESULTS */;
/*!40101 SET @OLD_COLLATION_CONNECTION=@@COLLATION_CONNECTION */;
/*!50503 SET NAMES utf8mb4 */;
/*!40103 SET @OLD_TIME_ZONE=@@TIME_ZONE */;
/*!40103 SET TIME_ZONE='+00:00' */;
/*!40014 SET @OLD_UNIQUE_CHECKS=@@UNIQUE_CHECKS, UNIQUE_CHECKS=0 */;
/*!40014 SET @OLD_FOREIGN_KEY_CHECKS=@@FOREIGN_KEY_CHECKS, FOREIGN_KEY_CHECKS=0 */;
/*!40101 SET @OLD_SQL_MODE=@@SQL_MODE, SQL_MODE='NO_AUTO_VALUE_ON_ZERO' */;
/*!40111 SET @OLD_SQL_NOTES=@@SQL_NOTES, SQL_NOTES=0 */;

--
-- Table structure for table `animais`
--

DROP TABLE IF EXISTS `animais`;
/*!40101 SET @saved_cs_client     = @@character_set_client */;
/*!50503 SET character_set_client = utf8mb4 */;
CREATE TABLE `animais` (
  `grupo` int NOT NULL,
  `nome` varchar(50) NOT NULL,
  `dezenas` varchar(20) NOT NULL,
  PRIMARY KEY (`grupo`)
) ENGINE=InnoDB DEFAULT CHARSET=utf8mb4 COLLATE=utf8mb4_0900_ai_ci;
/*!40101 SET character_set_client = @saved_cs_client */;

--
-- Dumping data for table `animais`
--

LOCK TABLES `animais` WRITE;
/*!40000 ALTER TABLE `animais` DISABLE KEYS */;
INSERT INTO `animais` VALUES (1,'Avestruz','01,02,03,04'),(2,'├üguia','05,06,07,08'),(3,'Burro','09,10,11,12'),(4,'Borboleta','13,14,15,16'),(5,'Cachorro','17,18,19,20'),(6,'Cabra','21,22,23,24'),(7,'Carneiro','25,26,27,28'),(8,'Camelo','29,30,31,32'),(9,'Cobra','33,34,35,36'),(10,'Coelho','37,38,39,40'),(11,'Cavalo','41,42,43,44'),(12,'Elefante','45,46,47,48'),(13,'Galo','49,50,51,52'),(14,'Gato','53,54,55,56'),(15,'Jacar├®','57,58,59,60'),(16,'Le├Żo','61,62,63,64'),(17,'Macaco','65,66,67,68'),(18,'Porco','69,70,71,72'),(19,'Pav├Żo','73,74,75,76'),(20,'Peru','77,78,79,80'),(21,'Touro','81,82,83,84'),(22,'Tigre','85,86,87,88'),(23,'Urso','89,90,91,92'),(24,'Veado','93,94,95,96'),(25,'Vaca','97,98,99,00');
/*!40000 ALTER TABLE `animais` ENABLE KEYS */;
UNLOCK TABLES;

--
-- Table structure for table `bets`
--

DROP TABLE IF EXISTS `bets`;
/*!40101 SET @saved_cs_client     = @@character_set_client */;
/*!50503 SET character_set_client = utf8mb4 */;
CREATE TABLE `bets` (
  `animal_id` int DEFAULT NULL,
  `choice` varchar(4) NOT NULL,
  `prize` decimal(10,2) DEFAULT NULL,
  `value` decimal(10,2) NOT NULL,
  `created_at` datetime(6) NOT NULL,
  `draw_id` bigint DEFAULT NULL,
  `id` bigint NOT NULL AUTO_INCREMENT,
  `updated_at` datetime(6) DEFAULT NULL,
  `user_id` bigint NOT NULL,
  `status` enum('GANHOU','PENDENTE','PERDEU') NOT NULL,
  `type` enum('DEZENA','GRUPO','MILHAR') NOT NULL,
  PRIMARY KEY (`id`),
  KEY `FKagaq11qghcl1nh37h1xs92xgg` (`animal_id`),
  KEY `FKn3fiexixftrrr1v8qidg5p5td` (`draw_id`),
  KEY `FK7wiqvktpwwlfp256eelwiibci` (`user_id`),
  CONSTRAINT `FK7wiqvktpwwlfp256eelwiibci` FOREIGN KEY (`user_id`) REFERENCES `users` (`id`),
  CONSTRAINT `FKagaq11qghcl1nh37h1xs92xgg` FOREIGN KEY (`animal_id`) REFERENCES `animais` (`grupo`),
  CONSTRAINT `FKn3fiexixftrrr1v8qidg5p5td` FOREIGN KEY (`draw_id`) REFERENCES `draws` (`id`)
) ENGINE=InnoDB AUTO_INCREMENT=37 DEFAULT CHARSET=utf8mb4 COLLATE=utf8mb4_0900_ai_ci;
/*!40101 SET character_set_client = @saved_cs_client */;

--
-- Dumping data for table `bets`
--

LOCK TABLES `bets` WRITE;
/*!40000 ALTER TABLE `bets` DISABLE KEYS */;
INSERT INTO `bets` VALUES (25,'25',0.00,10.00,'2026-04-01 23:14:59.046288',14,7,'2026-04-02 00:16:19.944111',18,'PERDEU','GRUPO'),(25,'25',0.00,100.00,'2026-04-02 00:05:41.955350',14,8,'2026-04-02 00:16:19.944111',18,'PERDEU','GRUPO'),(22,'22',0.00,100.00,'2026-04-02 00:11:57.044201',14,9,'2026-04-02 00:16:19.944111',18,'PERDEU','GRUPO'),(23,'23',0.00,100.00,'2026-04-02 00:16:01.334802',14,10,'2026-04-02 00:16:19.945109',18,'PERDEU','GRUPO'),(25,'25',0.00,100.00,'2026-04-02 00:23:17.596449',16,11,'2026-04-02 00:23:37.642614',18,'PERDEU','GRUPO'),(25,'25',0.00,100.00,'2026-04-02 00:25:04.599081',17,12,'2026-04-02 00:25:21.168201',18,'PERDEU','GRUPO'),(NULL,'0000',0.00,100.00,'2026-04-02 00:26:27.799122',18,13,'2026-04-02 00:26:45.381928',18,'PERDEU','MILHAR'),(NULL,'00',0.00,100.00,'2026-04-02 00:28:43.844634',19,14,'2026-04-02 00:29:02.134250',18,'PERDEU','DEZENA'),(NULL,'0000',40000.00,10.00,'2026-04-02 00:32:33.534078',20,15,'2026-04-02 00:32:48.404481',18,'GANHOU','MILHAR'),(1,'01',0.00,100.00,'2026-04-02 01:39:02.461771',22,16,'2026-04-02 04:10:37.513218',18,'PERDEU','GRUPO'),(2,'02',0.00,100.00,'2026-04-02 01:48:17.122765',22,17,'2026-04-02 04:10:37.513218',18,'PERDEU','GRUPO'),(NULL,'22',0.00,200.00,'2026-04-02 01:53:05.476302',22,18,'2026-04-02 04:10:37.514234',18,'PERDEU','DEZENA'),(3,'03',0.00,50.00,'2026-04-02 02:15:25.651114',22,19,'2026-04-02 04:10:37.514234',18,'PERDEU','GRUPO'),(2,'02',0.00,10.00,'2026-04-02 02:16:57.235941',22,20,'2026-04-02 04:10:37.514234',18,'PERDEU','GRUPO'),(NULL,'25',0.00,50.00,'2026-04-02 03:34:41.759639',22,21,'2026-04-02 04:10:37.514234',18,'PERDEU','DEZENA'),(2,'02',0.00,5.00,'2026-04-02 04:09:52.780348',22,22,'2026-04-02 04:10:37.514234',18,'PERDEU','GRUPO'),(3,'03',0.00,50.00,'2026-04-02 14:41:34.391188',30,23,'2026-04-02 14:52:25.748830',18,'PERDEU','GRUPO'),(NULL,'45',0.00,10.00,'2026-04-02 14:47:06.857725',30,24,'2026-04-02 14:52:25.748830',18,'PERDEU','DEZENA'),(NULL,'45',0.00,10.00,'2026-04-02 14:48:13.710402',30,25,'2026-04-02 14:52:25.748830',18,'PERDEU','DEZENA'),(8,'08',0.00,50.00,'2026-04-02 14:53:37.313111',31,26,'2026-04-02 14:55:43.232972',18,'PERDEU','GRUPO'),(7,'07',0.00,10.00,'2026-04-02 16:25:48.735233',32,27,'2026-04-02 16:26:10.413180',18,'PERDEU','GRUPO'),(8,'08',180.00,10.00,'2026-04-02 17:53:07.038971',33,28,'2026-04-03 00:42:49.807569',18,'GANHOU','GRUPO'),(18,'18',0.00,10.00,'2026-04-02 18:09:27.631213',33,29,'2026-04-03 00:42:49.807569',20,'PERDEU','GRUPO'),(NULL,'08',0.00,10.00,'2026-04-02 19:04:09.880217',33,30,'2026-04-03 00:42:49.807569',18,'PERDEU','DEZENA'),(2,'02',0.00,10.00,'2026-04-02 20:02:32.067724',33,31,'2026-04-03 00:42:49.808569',18,'PERDEU','GRUPO'),(4,'04',0.00,5.00,'2026-04-03 00:02:26.715303',33,32,'2026-04-03 00:42:49.808569',18,'PERDEU','GRUPO'),(3,'03',0.00,10.00,'2026-04-03 00:39:00.043214',33,33,'2026-04-03 00:42:49.808569',24,'PERDEU','GRUPO'),(NULL,'01',0.00,10.00,'2026-04-03 00:39:23.652987',33,34,'2026-04-03 00:42:49.808569',24,'PERDEU','DEZENA'),(25,'25',0.00,10.00,'2026-04-03 01:37:04.481041',34,35,'2026-04-03 01:40:15.468551',26,'PERDEU','GRUPO'),(NULL,'61',0.00,50.00,'2026-04-03 01:41:11.170068',35,36,'2026-04-03 01:41:29.498286',26,'PERDEU','DEZENA');
/*!40000 ALTER TABLE `bets` ENABLE KEYS */;
UNLOCK TABLES;

--
-- Table structure for table `draws`
--

DROP TABLE IF EXISTS `draws`;
/*!40101 SET @saved_cs_client     = @@character_set_client */;
/*!50503 SET character_set_client = utf8mb4 */;
CREATE TABLE `draws` (
  `milhar_1` varchar(4) NOT NULL,
  `milhar_2` varchar(4) NOT NULL,
  `milhar_3` varchar(4) NOT NULL,
  `milhar_4` varchar(4) NOT NULL,
  `milhar_5` varchar(4) NOT NULL,
  `draw_date` datetime(6) NOT NULL,
  `id` bigint NOT NULL AUTO_INCREMENT,
  `type` varchar(255) DEFAULT NULL,
  PRIMARY KEY (`id`)
) ENGINE=InnoDB AUTO_INCREMENT=36 DEFAULT CHARSET=utf8mb4 COLLATE=utf8mb4_0900_ai_ci;
/*!40101 SET character_set_client = @saved_cs_client */;

--
-- Dumping data for table `draws`
--

LOCK TABLES `draws` WRITE;
/*!40000 ALTER TABLE `draws` DISABLE KEYS */;
INSERT INTO `draws` VALUES ('8628','6062','6596','6061','2359','2026-03-29 19:34:24.455429',1,'MANUAL_ADMIN'),('7619','2747','3164','3460','0239','2026-03-31 02:19:09.207016',2,NULL),('1740','6254','0539','2253','3897','2026-03-31 02:19:26.040426',3,NULL),('9044','5030','8545','9798','4004','2026-03-31 02:19:29.956004',4,NULL),('3321','6154','0804','2543','4259','2026-03-31 18:35:51.998351',5,NULL),('8083','1888','6107','1827','5285','2026-03-31 18:35:55.272361',6,NULL),('3914','4603','7867','3907','4144','2026-03-31 19:35:50.540506',7,NULL),('7118','0527','2300','6857','8637','2026-04-01 23:49:56.052685',8,NULL),('3584','5882','2186','6627','0889','2026-04-01 23:50:06.208681',9,NULL),('7408','0137','4519','9982','6011','2026-04-02 00:04:03.844015',10,NULL),('0024','5793','1911','8434','5509','2026-04-02 00:04:06.993319',11,NULL),('1590','5482','0779','4164','4286','2026-04-02 00:06:01.009949',12,NULL),('3830','7211','4491','7815','5545','2026-04-02 00:12:16.999223',13,NULL),('1044','5024','4850','3196','8924','2026-04-02 00:16:19.864458',14,NULL),('4509','7994','0600','1902','4199','2026-04-02 00:16:22.123726',15,NULL),('6831','3934','4118','5593','6058','2026-04-02 00:23:37.618742',16,NULL),('7206','5488','2644','7427','7081','2026-04-02 00:25:21.143441',17,NULL),('1292','2924','2532','3258','4242','2026-04-02 00:26:45.367328',18,NULL),('1519','3417','6163','3151','3204','2026-04-02 00:29:02.119709',19,NULL),('0000','4856','5320','4796','7344','2026-04-02 00:32:48.355584',20,NULL),('0000','6307','7693','5881','9676','2026-04-02 00:32:51.405124',21,NULL),('9418','2509','7069','6072','9160','2026-04-02 04:10:37.381001',22,NULL),('6889','3087','7816','6374','5078','2026-04-02 04:10:39.287095',23,NULL),('8500','0148','8990','9484','9642','2026-04-02 04:10:43.281707',24,NULL),('7454','1551','9930','0661','0087','2026-04-02 04:10:48.995173',25,NULL),('8150','5822','2591','8329','4680','2026-04-02 04:11:02.273806',26,NULL),('6848','4844','3168','8187','5515','2026-04-02 04:17:50.339195',27,NULL),('7244','5847','2069','0266','0698','2026-04-02 04:17:57.295359',28,NULL),('7451','8828','2923','5457','0910','2026-04-02 04:18:01.125981',29,NULL),('2332','1475','7375','6858','0951','2026-04-02 14:52:25.723365',30,NULL),('4894','6785','4735','9014','3808','2026-04-02 14:55:43.217122',31,NULL),('7032','3945','8742','0659','5524','2026-04-02 16:26:10.359785',32,NULL),('9731','8939','2671','5982','6110','2026-04-03 00:42:49.758741',33,NULL),('5850','2795','9372','0630','6322','2026-04-03 01:40:15.446818',34,NULL),('0531','9273','7767','6531','3143','2026-04-03 01:41:29.487522',35,NULL);
/*!40000 ALTER TABLE `draws` ENABLE KEYS */;
UNLOCK TABLES;

--
-- Table structure for table `users`
--

DROP TABLE IF EXISTS `users`;
/*!40101 SET @saved_cs_client     = @@character_set_client */;
/*!50503 SET character_set_client = utf8mb4 */;
CREATE TABLE `users` (
  `balance` decimal(10,2) NOT NULL,
  `created_at` datetime(6) NOT NULL,
  `id` bigint NOT NULL AUTO_INCREMENT,
  `updated_at` datetime(6) DEFAULT NULL,
  `email` varchar(100) NOT NULL,
  `name` varchar(100) NOT NULL,
  `password` varchar(255) DEFAULT NULL,
  `role` varchar(20) NOT NULL,
  PRIMARY KEY (`id`),
  UNIQUE KEY `UK6dotkott2kjsp8vw4d0m25fb7` (`email`)
) ENGINE=InnoDB AUTO_INCREMENT=27 DEFAULT CHARSET=utf8mb4 COLLATE=utf8mb4_0900_ai_ci;
/*!40101 SET character_set_client = @saved_cs_client */;

--
-- Dumping data for table `users`
--

LOCK TABLES `users` WRITE;
/*!40000 ALTER TABLE `users` DISABLE KEYS */;
INSERT INTO `users` VALUES (1000.00,'2026-03-28 14:54:14.000000',1,'2026-03-28 14:54:14.000000','taynara@teste.com','Taynara Admin','$2a$10$zXkNZqxN2E80nLocB0Y0cuAgewopxnEP5EVWcNW1ciCkEwIiYMcG2','ADMIN'),(1000.00,'2026-03-29 19:51:46.465914',9,NULL,'thiago@email.com','Thiago','$2a$10$sm6.ylM5jvyHURMFNFOmdOi7QURFAYBnPw.imXoZI4iskLQZARGmy','USER'),(1000.00,'2026-03-30 00:10:55.533105',10,NULL,'maria@gmail.com','Maria Julia','$2a$10$a95WuUh5UZpaDNXWGzk5CeDx2CPmk8FYeEJuvGS561tVIhSVoV8/i','USER'),(1000.00,'2026-03-30 14:50:06.776130',11,NULL,'taynara.ribeiro@tjam.jus.br','Tay tjam','$2a$10$ogQgP1aa1b21OaZ2Th7xK.5WeYBxUH9NyiHTu62vo7HmvyDDBT5Iu','USER'),(1000.00,'2026-03-30 15:49:23.543271',12,NULL,'jane@gmail.com','Jane','$2a$10$MoLw6P56CcLSkSO8Z0dLnOM6TqQb5y5AbF9Aon1KHg.5yebCwTWna','USER'),(1000.00,'2026-03-31 02:06:07.115708',13,'2026-03-31 02:06:07.115708','teste_final@gmail.com','testeFinal','$2a$10$8Cj6jRH8a3VWNg4oks/jXuZF.wfIqTyOQD415BChhHUBdHcnNLGoq','USER'),(1000.00,'2026-03-31 18:43:37.125113',14,'2026-04-03 00:06:49.267607','juliana@gmail.com','juliana','$2a$10$qFNqr0Lr6/uRsUjEW3fUY.0akEuFRWyiRTzw.dNjNCMPipze5NnBS','USER'),(1000.00,'2026-03-31 18:56:43.937124',15,'2026-03-31 18:56:43.937124','ribeiro@gmail.com','ribeiro','$2a$10$THVA.C0M8wh4y3OvXAERfuMksugMxsaLT4pkD83Hpd5SkXVsYqmJW','USER'),(1000.00,'2026-03-31 19:34:50.289659',16,'2026-03-31 19:34:50.289659','admin@bichofull.com','Tay admin oficial','$2a$10$9a9P3bCg3lH1d9hRSt2tH.d.sUCg1.QBVB8ncgbtAjE9iKnIX9RbC','ADMIN'),(1000.00,'2026-03-31 19:37:24.873091',17,'2026-03-31 19:37:24.873091','juciara@gmail.com','juciara','$2a$10$wgdEt6LS3dFYJHz3xWcC/ucsChvY./B3xjpiUeSVRq6MxFE/CvmLi','USER'),(19950.00,'2026-04-01 20:05:12.436856',18,'2026-04-03 00:42:49.808569','teste@teste.com','Teste Oficial','$2a$10$Y9GIVTpz/UU3yhhtiMaBLOFI21DXxldqOeonwMzOQ8HHwXY3a5vCi','USER'),(1000.00,'2026-04-01 21:15:47.930872',19,'2026-04-01 21:15:47.930872','oficial@gmail.com','Agora','$2a$10$KvVxtqxvH4wpbgde/wdI9OcRX9uDMxboBj2VmLJePzS2yratWNc46','USER'),(990.00,'2026-04-02 18:08:57.112535',20,'2026-04-02 18:09:27.649305','home@gmail.com','Home novo','$2a$10$pyLIuy9Xa5ycae0RCyJsCeWjIoN/5FM3mPU2KPAT1zD3mevr/HUrK','USER'),(1000.00,'2026-04-02 18:59:12.945318',21,'2026-04-02 18:59:12.945318','google_800@social.com','Usu├Īrio Google','$2a$10$KgR1UFhyxgU5KVll7BJOo.Z4GZIR9kAH2rJdrPZNXslQqKm.DEkRm','USER'),(1000.00,'2026-04-02 18:59:21.780552',22,'2026-04-02 18:59:21.780552','instagram_710@social.com','Usu├Īrio Instagram','$2a$10$mFTmvNXTC449DYCzBH4xieOE3Emhn0MheESKIFNDw7to3tmFMQSeq','USER'),(1000.00,'2026-04-02 19:01:23.934888',23,'2026-04-02 19:01:23.934888','apple_301@social.com','Usu├Īrio Apple','$2a$10$I3MYRj546EjeXKvcpqnHseDM49pGtyVX3oCYE/8tF/pMEX3/nN5fC','USER'),(980.00,'2026-04-03 00:35:00.918973',24,'2026-04-03 00:44:02.376334','ronem@gmail.com','lavareda','$2a$10$8261Qf4pQnh0BFMb9DiL7e4c.uR.d.0Ld2ULHhJ7nzWn/areEh9RS','USER'),(1000.00,'2026-04-03 00:44:25.497317',25,'2026-04-03 00:44:25.497317','instagram_879@social.com','Usu├Īrio Instagram','$2a$10$uErASkNrfk50wYW1H79pn.l.amHmXH0SW5.HlgzcUoXQ.5gWDMquK','USER'),(940.00,'2026-04-03 01:36:00.100316',26,'2026-04-03 01:41:11.181054','thiago@gmail.com','Thiago','$2a$10$nnjNZUr5y2HdvyubwAlvGukbBs9RZueKl6dWK7pS4qZ43oogSqiyu','USER');
/*!40000 ALTER TABLE `users` ENABLE KEYS */;
UNLOCK TABLES;
/*!40103 SET TIME_ZONE=@OLD_TIME_ZONE */;

/*!40101 SET SQL_MODE=@OLD_SQL_MODE */;
/*!40014 SET FOREIGN_KEY_CHECKS=@OLD_FOREIGN_KEY_CHECKS */;
/*!40014 SET UNIQUE_CHECKS=@OLD_UNIQUE_CHECKS */;
/*!40101 SET CHARACTER_SET_CLIENT=@OLD_CHARACTER_SET_CLIENT */;
/*!40101 SET CHARACTER_SET_RESULTS=@OLD_CHARACTER_SET_RESULTS */;
/*!40101 SET COLLATION_CONNECTION=@OLD_COLLATION_CONNECTION */;
/*!40111 SET SQL_NOTES=@OLD_SQL_NOTES */;

-- Dump completed on 2026-04-03  9:04:58
